,Lei,Titulo,Capitulo,sec,subsec,Texto,endereço,end
0,cf88,0,,,,"Art. 1º A República Federativa do Brasil, formada pela união indissolúvel dos Estados e Municípios e do Distrito Federal, constitui-se em Estado Democrático de Direito e tem como fundamentos:","cf88,0,,,,0,,,",1
1,cf88,0,,,,"Art. 2º São Poderes da União, independentes e harmônicos entre si, o Legislativo, o Executivo e o Judiciário.","cf88,0,,,,1,,,",2
2,cf88,0,,,,Art. 3º Constituem objetivos fundamentais da República Federativa do Brasil:,"cf88,0,,,,2,,,",3
3,cf88,0,,,,Art. 4º A República Federativa do Brasil rege-se nas suas relações internacionais pelos seguintes princípios:,"cf88,0,,,,3,,,",4
4,cf88,1,0,,,"Art. 5º Todos são iguais perante a lei, sem distinção de qualquer natureza, garantindo-se aos brasileiros e aos estrangeiros residentes no País a inviolabilidade do direito à vida, à liberdade, à igualdade, à segurança e à propriedade, nos termos seguintes:","cf88,1,0,,,4,,,",5
5,cf88,1,1,,,"Art. 6º São direitos sociais a educação, a saúde, a alimentação, o trabalho, a moradia, o transporte, o lazer, a segurança, a previdência social, a proteção à maternidade e à infância, a assistência aos desamparados, na forma desta Constituição.(Redação dada pela Emenda Constitucional nº 90, de 2015)","cf88,1,1,,,5,,,",6
6,cf88,1,1,,,"Art. 7º São direitos dos trabalhadores urbanos e rurais, além de outros que visem à melhoria de sua condição social:","cf88,1,1,,,6,,,",7
7,cf88,1,1,,,"Art. 8º É livre a associação profissional ou sindical, observado o seguinte:","cf88,1,1,,,7,,,",8
8,cf88,1,1,,,"Art. 9º É assegurado o direito de greve, competindo aos trabalhadores decidir sobre a oportunidade de exercê-lo e sobre os interesses que devam por meio dele defender.","cf88,1,1,,,8,,,",9
9,cf88,1,1,,,Art. 10. É assegurada a participação dos trabalhadores e empregadores nos colegiados dos órgãos públicos em que seus interesses profissionais ou previdenciários sejam objeto de discussão e deliberação.,"cf88,1,1,,,9,,,",10
10,cf88,1,1,,,"Art. 11. Nas empresas de mais de duzentos empregados, é assegurada a eleição de um representante destes com a finalidade exclusiva de promover-lhes o entendimento direto com os empregadores.","cf88,1,1,,,10,,,",11
11,cf88,1,2,,,Art. 12. São brasileiros:,"cf88,1,2,,,11,,,",12
12,cf88,1,2,,,Art. 13. A língua portuguesa é o idioma oficial da República Federativa do Brasil.,"cf88,1,2,,,12,,,",13
13,cf88,1,3,,,"Art. 14. A soberania popular será exercida pelo sufrágio universal e pelo voto direto e secreto, com valor igual para todos, e, nos termos da lei, mediante:","cf88,1,3,,,13,,,",14
14,cf88,1,3,,,"Art. 15. É vedada a cassação de direitos políticos, cuja perda ou suspensão só se dará nos casos de:","cf88,1,3,,,14,,,",15
15,cf88,1,3,,,"Art. 16. A lei que alterar o processo eleitoral entrará em vigor na data de sua publicação, não se aplicando à eleição que ocorra até um ano da data de sua vigência.(Redação dada pela Emenda Constitucional nº 4, de 1993)","cf88,1,3,,,15,,,",16
16,cf88,1,4,,,"Art. 17. É livre a criação, fusão, incorporação e extinção de partidos políticos, resguardados a soberania nacional, o regime democrático, o pluripartidarismo, os direitos fundamentais da pessoa humana e observados os seguintes preceitos:Regulamento","cf88,1,4,,,16,,,",17
17,cf88,2,5,,,"Art. 18. A organização político-administrativa da República Federativa do Brasil compreende a União, os Estados, o Distrito Federal e os Municípios, todos autônomos, nos termos desta Constituição.","cf88,2,5,,,17,,,",18
18,cf88,2,5,,,"Art. 19. É vedado à União, aos Estados, ao Distrito Federal e aos Municípios:","cf88,2,5,,,18,,,",19
19,cf88,2,6,,,Art. 20. São bens da União:,"cf88,2,6,,,19,,,",20
20,cf88,2,6,,,Art. 21. Compete à União:,"cf88,2,6,,,20,,,",21
21,cf88,2,6,,,Art. 22. Compete privativamente à União legislar sobre:,"cf88,2,6,,,21,,,",22
22,cf88,2,6,,,"Art. 23. É competência comum da União, dos Estados, do Distrito Federal e dos Municípios:","cf88,2,6,,,22,,,",23
23,cf88,2,6,,,"Art. 24. Compete à União, aos Estados e ao Distrito Federal legislar concorrentemente sobre:","cf88,2,6,,,23,,,",24
24,cf88,2,7,,,"Art. 25. Os Estados organizam-se e regem-se pelas Constituições e leis que adotarem, observados os princípios desta Constituição.","cf88,2,7,,,24,,,",25
25,cf88,2,7,,,Art. 26. Incluem-se entre os bens dos Estados:,"cf88,2,7,,,25,,,",26
26,cf88,2,7,,,"Art. 27. O número de Deputados à Assembléia Legislativa corresponderá ao triplo da representação do Estado na Câmara dos Deputados e, atingido o número de trinta e seis, será acrescido de tantos quantos forem os Deputados Federais acima de doze.","cf88,2,7,,,26,,,",27
27,cf88,2,7,,,"Art. 28. A eleição do Governador e do Vice-Governador de Estado, para mandato de quatro anos, realizar-se-á no primeiro domingo de outubro, em primeiro turno, e no último domingo de outubro, em segundo turno, se houver, do ano anterior ao do término do mandato de seus antecessores, e a posse ocorrerá em primeiro de janeiro do ano subseqüente, observado, quanto ao mais, o disposto no art. 77.(Redação dada pela Emenda Constitucional nº 16, de1997)","cf88,2,7,,,27,,,",28
28,cf88,2,8,,,"Art. 29. O Município reger-se-á por lei orgânica, votada em dois turnos, com o interstício mínimo de dez dias, e aprovada por dois terços dos membros da Câmara Municipal, que a promulgará, atendidos os princípios estabelecidos nesta Constituição, na Constituição do respectivo Estado e os seguintes preceitos:","cf88,2,8,,,28,,,",29
29,cf88,2,8,,,"Art.29-A. O total da despesa do Poder Legislativo Municipal, incluídos os subsídios dos Vereadores e excluídos os gastos com inativos, não poderá ultrapassar os seguintes percentuais, relativos ao somatório da receita tributária e das transferências previstas no § 5odo art. 153 e nos arts. 158 e 159, efetivamente realizado no exercício anterior:(Incluído pela Emenda Constitucional nº 25, de 2000)(Vide Emenda Constitucional nº 109, de 2021)(Vigência)","cf88,2,8,,,29,,,",29-A
30,cf88,2,8,,,Art. 30. Compete aos Municípios:,"cf88,2,8,,,30,,,",30
31,cf88,2,8,,,"Art. 31. A fiscalização do Município será exercida pelo Poder Legislativo Municipal, mediante controle externo, e pelos sistemas de controle interno do Poder Executivo Municipal, na forma da lei.","cf88,2,8,,,31,,,",31
32,cf88,2,9,0,,"Art. 32. O Distrito Federal, vedada sua divisão em Municípios, reger- se-á por lei orgânica, votada em dois turnos com interstício mínimo de dez dias, e aprovada por dois terços da Câmara Legislativa, que a promulgará, atendidos os princípios estabelecidos nesta Constituição.","cf88,2,9,0,,32,,,",32
33,cf88,2,9,1,,Art. 33. A lei disporá sobre a organização administrativa e judiciária dos Territórios.,"cf88,2,9,1,,33,,,",33
34,cf88,2,10,,,"Art. 34. A União não intervirá nos Estados nem no Distrito Federal, exceto para:","cf88,2,10,,,34,,,",34
35,cf88,2,10,,,"Art. 35. O Estado não intervirá em seus Municípios, nem a União nos Municípios localizados em Território Federal, exceto quando:","cf88,2,10,,,35,,,",35
36,cf88,2,10,,,Art. 36. A decretação da intervenção dependerá:,"cf88,2,10,,,36,,,",36
37,cf88,2,11,2,,"Art. 37. A administração pública direta e indireta de qualquer dos Poderes da União, dos Estados, do Distrito Federal e dos Municípios obedecerá aos princípios de legalidade, impessoalidade, moralidade, publicidade e eficiência e, também, ao seguinte:(Redação dada pela Emenda Constitucional nº 19, de 1998)","cf88,2,11,2,,37,,,",37
38,cf88,2,11,2,,"Art. 38. Ao servidor público da administração direta, autárquica e fundacional, no exercício de mandato eletivo, aplicam-se as seguintes disposições:(Redação dada pela Emenda Constitucional nº 19, de 1998)","cf88,2,11,2,,38,,,",38
39,cf88,2,11,3,,"Art. 39. A União, os Estados, o Distrito Federal e os Municípios instituirão, no âmbito de sua competência, regime jurídico único e planos de carreira para os servidores da administração pública direta, das autarquias e das fundações públicas.(Vide ADIN nº 2.135-4)","cf88,2,11,3,,39,,,",39
40,cf88,2,11,3,,"Art. 39. A União, os Estados, o Distrito Federal e os Municípios instituirão conselho de política de administração e remuneração de pessoal, integrado por servidores designados pelos respectivos Poderes.(Redação dada pela Emenda Constitucional nº 19, de 1998)(Vide ADIN nº 2.135-4)","cf88,2,11,3,,40,,,",39
41,cf88,2,11,3,,"Art. 40. O regime próprio de previdência social dos servidores titulares de cargos efetivos terá caráter contributivo e solidário, mediante contribuição do respectivo ente federativo, de servidores ativos, de aposentados e de pensionistas, observados critérios que preservem o equilíbrio financeiro e atuarial.(Redação dada pela Emenda Constitucional nº 103, de 2019)","cf88,2,11,3,,41,,,",40
42,cf88,2,11,3,,"Art. 41. São estáveis após três anos de efetivo exercício os servidores nomeados para cargo de provimento efetivo em virtude de concurso público.(Redação dada pela Emenda Constitucional nº 19, de 1998)","cf88,2,11,3,,42,,,",41
43,cf88,2,11,4,,"Art. 42 Os membros das Polícias Militares e Corpos de Bombeiros Militares, instituições organizadas com base na hierarquia e disciplina, são militares dos Estados, do Distrito Federal e dos Territórios.(Redação dada pela Emenda Constitucional nº 18, de 1998)","cf88,2,11,4,,43,,,",42
44,cf88,2,11,5,,"Art. 43. Para efeitos administrativos, a União poderá articular sua ação em um mesmo complexo geoeconômico e social, visando a seu desenvolvimento e à redução das desigualdades regionais.","cf88,2,11,5,,44,,,",43
45,cf88,3,12,6,,"Art. 44. O Poder Legislativo é exercido pelo Congresso Nacional, que se compõe da Câmara dos Deputados e do Senado Federal.","cf88,3,12,6,,45,,,",44
46,cf88,3,12,6,,"Art. 45. A Câmara dos Deputados compõe-se de representantes do povo, eleitos, pelo sistema proporcional, em cada Estado, em cada Território e no Distrito Federal.","cf88,3,12,6,,46,,,",45
47,cf88,3,12,6,,"Art. 46. O Senado Federal compõe-se de representantes dos Estados e do Distrito Federal, eleitos segundo o princípio majoritário.","cf88,3,12,6,,47,,,",46
48,cf88,3,12,6,,"Art. 47. Salvo disposição constitucional em contrário, as deliberações de cada Casa e de suas Comissões serão tomadas por maioria dos votos, presente a maioria absoluta de seus membros.","cf88,3,12,6,,48,,,",47
49,cf88,3,12,7,,"Art. 48. Cabe ao Congresso Nacional, com a sanção do Presidente da República, não exigida esta para o especificado nos arts. 49, 51 e 52, dispor sobre todas as matérias de competência da União, especialmente sobre:","cf88,3,12,7,,49,,,",48
50,cf88,3,12,7,,Art. 49. É da competência exclusiva do Congresso Nacional:,"cf88,3,12,7,,50,,,",49
51,cf88,3,12,7,,"Art. 50. A Câmara dos Deputados e o Senado Federal, ou qualquer de suas Comissões, poderão convocar Ministro de Estado ou quaisquer titulares de órgãos diretamente subordinados à Presidência da República para prestarem, pessoalmente, informações sobre assunto previamente determinado, importando crime de responsabilidade a ausência sem justificação adequada.(Redação dada pela Emenda Constitucional de Revisão nº 2, de 1994)","cf88,3,12,7,,51,,,",50
52,cf88,3,12,8,,Art. 51. Compete privativamente à Câmara dos Deputados:,"cf88,3,12,8,,52,,,",51
53,cf88,3,12,9,,Art. 52. Compete privativamente ao Senado Federal:,"cf88,3,12,9,,53,,,",52
54,cf88,3,12,10,,"Art. 53. Os Deputados e Senadores são invioláveis, civil e penalmente, por quaisquer de suas opiniões, palavras e votos.(Redação dada pela Emenda Constitucional nº 35, de 2001)","cf88,3,12,10,,54,,,",53
55,cf88,3,12,10,,Art. 54. Os Deputados e Senadores não poderão:,"cf88,3,12,10,,55,,,",54
56,cf88,3,12,10,,Art. 55. Perderá o mandato o Deputado ou Senador:,"cf88,3,12,10,,56,,,",55
57,cf88,3,12,10,,Art. 56. Não perderá o mandato o Deputado ou Senador:,"cf88,3,12,10,,57,,,",56
58,cf88,3,12,11,,"Art. 57. O Congresso Nacional reunir-se-á, anualmente, na Capital Federal, de 2 de fevereiro a 17 de julho e de 1º de agosto a 22 de dezembro.(Redação dada pela Emenda Constitucional nº 50, de 2006)","cf88,3,12,11,,58,,,",57
59,cf88,3,12,12,,"Art. 58. O Congresso Nacional e suas Casas terão comissões permanentes e temporárias, constituídas na forma e com as atribuições previstas no respectivo regimento ou no ato de que resultar sua criação.","cf88,3,12,12,,59,,,",58
60,cf88,3,12,13,0,Art. 59. O processo legislativo compreende a elaboração de:,"cf88,3,12,13,0,60,,,",59
61,cf88,3,12,13,1,Art. 60. A Constituição poderá ser emendada mediante proposta:,"cf88,3,12,13,1,61,,,",60
62,cf88,3,12,13,2,"Art. 61. A iniciativa das leis complementares e ordinárias cabe a qualquer membro ou Comissão da Câmara dos Deputados, do Senado Federal ou do Congresso Nacional, ao Presidente da República, ao Supremo Tribunal Federal, aos Tribunais Superiores, ao Procurador-Geral da República e aos cidadãos, na forma e nos casos previstos nesta Constituição.","cf88,3,12,13,2,62,,,",61
63,cf88,3,12,13,2,"Art. 62. Em caso de relevância e urgência, o Presidente da República poderá adotar medidas provisórias, com força de lei, devendo submetê-las de imediato ao Congresso Nacional.(Redação dada pela Emenda Constitucional nº 32, de 2001)","cf88,3,12,13,2,63,,,",62
64,cf88,3,12,13,2,Art. 63. Não será admitido aumento da despesa prevista:,"cf88,3,12,13,2,64,,,",63
65,cf88,3,12,13,2,"Art. 64. A discussão e votação dos projetos de lei de iniciativa do Presidente da República, do Supremo Tribunal Federal e dos Tribunais Superiores terão início na Câmara dos Deputados.","cf88,3,12,13,2,65,,,",64
66,cf88,3,12,13,2,"Art. 65. O projeto de lei aprovado por uma Casa será revisto pela outra, em um só turno de discussão e votação, e enviado à sanção ou promulgação, se a Casa revisora o aprovar, ou arquivado, se o rejeitar.","cf88,3,12,13,2,66,,,",65
67,cf88,3,12,13,2,"Art. 66. A Casa na qual tenha sido concluída a votação enviará o projeto de lei ao Presidente da República, que, aquiescendo, o sancionará.","cf88,3,12,13,2,67,,,",66
68,cf88,3,12,13,2,"Art. 67. A matéria constante de projeto de lei rejeitado somente poderá constituir objeto de novo projeto, na mesma sessão legislativa, mediante proposta da maioria absoluta dos membros de qualquer das Casas do Congresso Nacional.","cf88,3,12,13,2,68,,,",67
69,cf88,3,12,13,2,"Art. 68. As leis delegadas serão elaboradas pelo Presidente da República, que deverá solicitar a delegação ao Congresso Nacional.","cf88,3,12,13,2,69,,,",68
70,cf88,3,12,13,2,Art. 69. As leis complementares serão aprovadas por maioria absoluta.,"cf88,3,12,13,2,70,,,",69
71,cf88,3,12,14,,"Art. 70. A fiscalização contábil, financeira, orçamentária, operacional e patrimonial da União e das entidades da administração direta e indireta, quanto à legalidade, legitimidade, economicidade, aplicação das subvenções e renúncia de receitas, será exercida pelo Congresso Nacional, mediante controle externo, e pelo sistema de controle interno de cada Poder.","cf88,3,12,14,,71,,,",70
72,cf88,3,12,14,,"Art. 71. O controle externo, a cargo do Congresso Nacional, será exercido com o auxílio do Tribunal de Contas da União, ao qual compete:","cf88,3,12,14,,72,,,",71
73,cf88,3,12,14,,"Art. 72. A Comissão mista permanente a que se refere o art. 166, §1º, diante de indícios de despesas não autorizadas, ainda que sob a forma de investimentos não programados ou de subsídios não aprovados, poderá solicitar à autoridade governamental responsável que, no prazo de cinco dias, preste os esclarecimentos necessários.","cf88,3,12,14,,73,,,",72
74,cf88,3,12,14,,"Art. 73. O Tribunal de Contas da União, integrado por nove Ministros, tem sede no Distrito Federal, quadro próprio de pessoal e jurisdição em todo o território nacional, exercendo, no que couber, as atribuições previstas no art. 96. .","cf88,3,12,14,,74,,,",73
75,cf88,3,12,14,,"Art. 74. Os Poderes Legislativo, Executivo e Judiciário manterão, de forma integrada, sistema de controle interno com a finalidade de:","cf88,3,12,14,,75,,,",74
76,cf88,3,12,14,,"Art. 75. As normas estabelecidas nesta seção aplicam-se, no que couber, à organização, composição e fiscalização dos Tribunais de Contas dos Estados e do Distrito Federal, bem como dos Tribunais e Conselhos de Contas dos Municípios.","cf88,3,12,14,,76,,,",75
77,cf88,3,13,15,,"Art. 76. O Poder Executivo é exercido pelo Presidente da República, auxiliado pelos Ministros de Estado.","cf88,3,13,15,,77,,,",76
78,cf88,3,13,15,,"Art. 77. A eleição do Presidente e do Vice-Presidente da República realizar-se-á, simultaneamente, no primeiro domingo de outubro, em primeiro turno, e no último domingo de outubro, em segundo turno, se houver, do ano anterior ao do término do mandato presidencial vigente.(Redação dada pela Emenda Constitucional nº 16, de 1997)","cf88,3,13,15,,78,,,",77
79,cf88,3,13,15,,"Art. 78. O Presidente e o Vice-Presidente da República tomarão posse em sessão do Congresso Nacional, prestando o compromisso de manter, defender e cumprir a Constituição, observar as leis, promover o bem geral do povo brasileiro, sustentar a união, a integridade e a independência do Brasil.","cf88,3,13,15,,79,,,",78
80,cf88,3,13,15,,"Art. 79. Substituirá o Presidente, no caso de impedimento, e suceder- lhe-á, no de vaga, o Vice-Presidente.","cf88,3,13,15,,80,,,",79
81,cf88,3,13,15,,"Art. 80. Em caso de impedimento do Presidente e do Vice-Presidente, ou vacância dos respectivos cargos, serão sucessivamente chamados ao exercício da Presidência o Presidente da Câmara dos Deputados, o do Senado Federal e o do Supremo Tribunal Federal.","cf88,3,13,15,,81,,,",80
82,cf88,3,13,15,,"Art. 81. Vagando os cargos de Presidente e Vice-Presidente da República, far-se-á eleição noventa dias depois de aberta a última vaga.","cf88,3,13,15,,82,,,",81
83,cf88,3,13,15,,"Art. 82. O mandato do Presidente da República é de quatro anos e terá início em primeiro de janeiro do ano seguinte ao da sua eleição.(Redação dada pela Emenda Constitucional nº 16, de 1997)","cf88,3,13,15,,83,,,",82
84,cf88,3,13,15,,"Art. 83. O Presidente e o Vice-Presidente da República não poderão, sem licença do Congresso Nacional, ausentar-se do País por período superior a quinze dias, sob pena de perda do cargo.","cf88,3,13,15,,84,,,",83
85,cf88,3,13,16,,Art. 84. Compete privativamente ao Presidente da República:,"cf88,3,13,16,,85,,,",84
86,cf88,3,13,17,,"Art. 85. São crimes de responsabilidade os atos do Presidente da República que atentem contra a Constituição Federal e, especialmente, contra:","cf88,3,13,17,,86,,,",85
87,cf88,3,13,17,,"Art. 86. Admitida a acusação contra o Presidente da República, por dois terços da Câmara dos Deputados, será ele submetido a julgamento perante o Supremo Tribunal Federal, nas infrações penais comuns, ou perante o Senado Federal, nos crimes de responsabilidade.","cf88,3,13,17,,87,,,",86
88,cf88,3,13,18,,Art. 87. Os Ministros de Estado serão escolhidos dentre brasileiros maiores de vinte e um anos e no exercício dos direitos políticos.,"cf88,3,13,18,,88,,,",87
89,cf88,3,13,18,,"Art. 88. A lei disporá sobre a criação e extinção de Ministérios e órgãos da administração pública.(Redação dada pela Emenda Constitucional nº 32, de 2001)","cf88,3,13,18,,89,,,",88
90,cf88,3,13,19,3,"Art. 89. O Conselho da República é órgão superior de consulta do Presidente da República, e dele participam:","cf88,3,13,19,3,90,,,",89
91,cf88,3,13,19,3,Art. 90. Compete ao Conselho da República pronunciar-se sobre:,"cf88,3,13,19,3,91,,,",90
92,cf88,3,13,19,4,"Art. 91. O Conselho de Defesa Nacional é órgão de consulta do Presidente da República nos assuntos relacionados com a soberania nacional e a defesa do Estado democrático, e dele participam como membros natos:","cf88,3,13,19,4,92,,,",91
93,cf88,3,14,20,,Art. 92. São órgãos do Poder Judiciário:,"cf88,3,14,20,,93,,,",92
94,cf88,3,14,20,,"Art. 93. Lei complementar, de iniciativa do Supremo Tribunal Federal, disporá sobre o Estatuto da Magistratura, observados os seguintes princípios:","cf88,3,14,20,,94,,,",93
95,cf88,3,14,20,,"Art. 94. Um quinto dos lugares dos Tribunais Regionais Federais, dos Tribunais dos Estados, e do Distrito Federal e Territórios será composto de membros, do Ministério Público, com mais de dez anos de carreira, e de advogados de notório saber jurídico e de reputação ilibada, com mais de dez anos de efetiva atividade profissional, indicados em lista sêxtupla pelos órgãos de representação das respectivas classes.","cf88,3,14,20,,95,,,",94
96,cf88,3,14,20,,Art. 95. Os juízes gozam das seguintes garantias:,"cf88,3,14,20,,96,,,",95
97,cf88,3,14,20,,Art. 96. Compete privativamente:,"cf88,3,14,20,,97,,,",96
98,cf88,3,14,20,,Art. 97. Somente pelo voto da maioria absoluta de seus membros ou dos membros do respectivo órgão especial poderão os tribunais declarar a inconstitucionalidade de lei ou ato normativo do Poder Público.,"cf88,3,14,20,,98,,,",97
99,cf88,3,14,20,,"Art. 98. A União, no Distrito Federal e nos Territórios, e os Estados criarão:","cf88,3,14,20,,99,,,",98
100,cf88,3,14,20,,Art. 99. Ao Poder Judiciário é assegurada autonomia administrativa e financeira.,"cf88,3,14,20,,100,,,",99
101,cf88,3,14,20,,"Art. 100. Os pagamentos devidos pelas Fazendas Públicas Federal, Estaduais, Distrital e Municipais, em virtude de sentença judiciária, far-se-ão exclusivamente na ordem cronológica de apresentação dos precatórios e à conta dos créditos respectivos, proibida a designação de casos ou de pessoas nas dotações orçamentárias e nos créditos adicionais abertos para este fim.(Redação dada pela Emenda Constitucional nº 62, de 2009).(Vide Emenda Constitucional nº 62, de 2009)","cf88,3,14,20,,101,,,",100
102,cf88,3,14,21,,"Art. 101. O Supremo Tribunal Federal compõe-se de onze Ministros, escolhidos dentre cidadãos com mais de trinta e cinco e menos de sessenta e cinco anos de idade, de notável saber jurídico e reputação ilibada.","cf88,3,14,21,,102,,,",101
103,cf88,3,14,21,,"Art. 102. Compete ao Supremo Tribunal Federal, precipuamente, a guarda da Constituição, cabendo-lhe:","cf88,3,14,21,,103,,,",102
104,cf88,3,14,21,,"Art. 103. Podem propor a ação direta de inconstitucionalidade e a ação declaratória de constitucionalidade:(Redação dada pela Emenda Constitucional nº 45, de 2004)","cf88,3,14,21,,104,,,",103
105,cf88,3,14,21,,"Art. 103-A. O Supremo Tribunal Federal poderá, de ofício ou por provocação, mediante decisão de dois terços dos seus membros, após reiteradas decisões sobre matéria constitucional, aprovar súmula que, a partir de sua publicação na imprensa oficial, terá efeito vinculante em relação aos demais órgãos do Poder Judiciário e à administração pública direta e indireta, nas esferas federal, estadual e municipal, bem como proceder à sua revisão ou cancelamento, na forma estabelecida em lei.(Incluído pela Emenda Constitucional nº 45, de 2004)","cf88,3,14,21,,105,,,",103-A
106,cf88,3,14,21,,"Art. 103-B. O Conselho Nacional de Justiça compõe-se de 15 (quinze) membros com mandato de 2 (dois) anos, admitida 1 (uma) recondução, sendo:(Redação dada pela Emenda Constitucional nº 61, de 2009)","cf88,3,14,21,,106,,,",103-B
107,cf88,3,14,22,,"Art. 104. O Superior Tribunal de Justiça compõe-se de, no mínimo, trinta e três Ministros.","cf88,3,14,22,,107,,,",104
108,cf88,3,14,22,,Art. 105. Compete ao Superior Tribunal de Justiça:,"cf88,3,14,22,,108,,,",105
109,cf88,3,14,23,,Art. 106. São órgãos da Justiça Federal:,"cf88,3,14,23,,109,,,",106
110,cf88,3,14,23,,"Art. 107. Os Tribunais Regionais Federais compõem-se de, no mínimo, sete juízes, recrutados, quando possível, na respectiva região e nomeados pelo Presidente da República dentre brasileiros com mais de trinta e menos de sessenta e cinco anos, sendo:","cf88,3,14,23,,110,,,",107
111,cf88,3,14,23,,Art. 108. Compete aos Tribunais Regionais Federais:,"cf88,3,14,23,,111,,,",108
112,cf88,3,14,23,,Art. 109. Aos juízes federais compete processar e julgar:,"cf88,3,14,23,,112,,,",109
113,cf88,3,14,23,,"Art. 110. Cada Estado, bem como o Distrito Federal, constituirá uma seção judiciária que terá por sede a respectiva Capital, e varas localizadas segundo o estabelecido em lei.","cf88,3,14,23,,113,,,",110
114,cf88,3,14,24,,Art. 111. São órgãos da Justiça do Trabalho:,"cf88,3,14,24,,114,,,",111
115,cf88,3,14,24,,"Art. 111-A. O Tribunal Superior do Trabalho compor-se-á de vinte e sete Ministros, escolhidos dentre brasileiros com mais de trinta e cinco anos e menos de sessenta e cinco anos, de notável saber jurídico e reputação ilibada, nomeados pelo Presidente da República após aprovação pela maioria absoluta do Senado Federal, sendo:(Redação dada pela Emenda Constitucional nº 92, de 2016)","cf88,3,14,24,,115,,,",111-A
116,cf88,3,14,24,,"Art. 112. A lei criará varas da Justiça do Trabalho, podendo, nas comarcas não abrangidas por sua jurisdição, atribuí-la aos juízes de direito, com recurso para o respectivo Tribunal Regional do T rabalho.(Redação dada pela Emenda Constitucional nº 45, de 2004)","cf88,3,14,24,,116,,,",112
117,cf88,3,14,24,,"Art. 113. A lei disporá sobre a constituição, investidura, jurisdição, competência, garantias e condições de exercício dos órgãos da Justiça do Trabalho.(Redação dada pela Emenda Constitucional nº 24, de 1999)","cf88,3,14,24,,117,,,",113
118,cf88,3,14,24,,"Art. 114. Compete à Justiça do Trabalho processar e julgar:(Redação dada pela Emenda Constitucional nº 45, de 2004)","cf88,3,14,24,,118,,,",114
119,cf88,3,14,24,,"Art. 115. Os Tribunais Regionais do Trabalho compõem-se de, no mínimo, sete juízes, recrutados, quando possível, na respectiva região, e nomeados pelo Presidente da República dentre brasileiros com mais de trinta e menos de sessenta e cinco anos, sendo:(Redação dada pela Emenda Constitucional nº 45, de 2004)","cf88,3,14,24,,119,,,",115
120,cf88,3,14,24,,"Art. 116. Nas Varas do Trabalho, a jurisdição será exercida por um juiz singular.(Redação dada pela Emenda Constitucional nº 24, de 1999)","cf88,3,14,24,,120,,,",116
121,cf88,3,14,24,,"Art. 117. e Parágrafo único.(Revogados pela Emenda Constitucional nº 24, de 1999)","cf88,3,14,24,,121,,,",117
122,cf88,3,14,25,,Art. 118. São órgãos da Justiça Eleitoral:,"cf88,3,14,25,,122,,,",118
123,cf88,3,14,25,,"Art. 119. O Tribunal Superior Eleitoral compor-se-á, no mínimo, de sete membros, escolhidos:","cf88,3,14,25,,123,,,",119
124,cf88,3,14,25,,Art. 120. Haverá um Tribunal Regional Eleitoral na Capital de cada Estado e no Distrito Federal.,"cf88,3,14,25,,124,,,",120
125,cf88,3,14,25,,"Art. 121. Lei complementar disporá sobre a organização e competência dos tribunais, dos juízes de direito e das juntas eleitorais.","cf88,3,14,25,,125,,,",121
126,cf88,3,14,26,,Art. 122. São órgãos da Justiça Militar:,"cf88,3,14,26,,126,,,",122
127,cf88,3,14,26,,"Art. 123. O Superior Tribunal Militar compor-se-á de quinze Ministros vitalícios, nomeados pelo Presidente da República, depois de aprovada a indicação pelo Senado Federal, sendo três dentre oficiais-generais da Marinha, quatro dentre oficiais-generais do Exército, três dentre oficiais-generais da Aeronáutica, todos da ativa e do posto mais elevado da carreira, e cinco dentre civis.","cf88,3,14,26,,127,,,",123
128,cf88,3,14,26,,Art. 124. à Justiça Militar compete processar e julgar os crimes militares definidos em lei.,"cf88,3,14,26,,128,,,",124
129,cf88,3,14,27,,"Art. 125. Os Estados organizarão sua Justiça, observados os princípios estabelecidos nesta Constituição.","cf88,3,14,27,,129,,,",125
130,cf88,3,14,27,,"Art. 126. Para dirimir conflitos fundiários, o Tribunal de Justiça proporá a criação de varas especializadas, com competência exclusiva para questões agrárias.(Redação dada pela Emenda Constitucional nº 45, de 2004)","cf88,3,14,27,,130,,,",126
131,cf88,3,15,28,,"Art. 127. O Ministério Público é instituição permanente, essencial à função jurisdicional do Estado, incumbindo-lhe a defesa da ordem jurídica, do regime democrático e dos interesses sociais e individuais indisponíveis.","cf88,3,15,28,,131,,,",127
132,cf88,3,15,28,,Art. 128. O Ministério Público abrange:,"cf88,3,15,28,,132,,,",128
133,cf88,3,15,28,,Art. 129. São funções institucionais do Ministério Público:,"cf88,3,15,28,,133,,,",129
134,cf88,3,15,28,,"Art. 130. Aos membros do Ministério Público junto aos Tribunais de Contas aplicam-se as disposições desta seção pertinentes a direitos, vedações e forma de investidura.","cf88,3,15,28,,134,,,",130
135,cf88,3,15,28,,"Art. 130-A. O Conselho Nacional do Ministério Público compõe-se de quatorze membros nomeados pelo Presidente da República, depois de aprovada a escolha pela maioria absoluta do Senado Federal, para um mandato de dois anos, admitida uma recondução, sendo:(Incluído pela Emenda Constitucional nº 45, de 2004)","cf88,3,15,28,,135,,,",130-A
136,cf88,3,15,29,,"Art. 131. A Advocacia-Geral da União é a instituição que, diretamente ou através de órgão vinculado, representa a União, judicial e extrajudicialmente, cabendo-lhe, nos termos da lei complementar que dispuser sobre sua organização e funcionamento, as atividades de consultoria e assessoramento jurídico do Poder Executivo.","cf88,3,15,29,,136,,,",131
137,cf88,3,15,29,,"Art. 132. Os Procuradores dos Estados e do Distrito Federal, organizados em carreira, na qual o ingresso dependerá de concurso público de provas e títulos, com a participação da Ordem dos Advogados do Brasil em todas as suas fases, exercerão a representação judicial e a consultoria jurídica das respectivas unidades federadas.(Redação dada pela Emenda Constitucional nº 19, de 1998)","cf88,3,15,29,,137,,,",132
138,cf88,3,15,30,,"Art. 133. O advogado é indispensável à administração da justiça, sendo inviolável por seus atos e manifestações no exercício da profissão, nos limites da lei.","cf88,3,15,30,,138,,,",133
139,cf88,3,15,31,,"Art. 134. A Defensoria Pública é instituição permanente, essencial à função jurisdicional do Estado, incumbindo-lhe, como expressão e instrumento do regime democrático, fundamentalmente, a orientação jurídica, a promoção dos direitos humanos e a defesa, em todos os graus, judicial e extrajudicial, dos direitos individuais e coletivos, de forma integral e gratuita, aos necessitados, na forma doinciso LXXIV do art. 5º desta Constituição Federal.(Redação dada pela Emenda Constitucional nº 80, de 2014)","cf88,3,15,31,,139,,,",134
140,cf88,3,15,31,,"Art. 135. Os servidores integrantes das carreiras disciplinadas nas Seções II e III deste Capítulo serão remunerados na forma do art. 39, § 4º.(Redação dada pela Emenda Constitucional nº 19, de 1998)","cf88,3,15,31,,140,,,",135
141,cf88,4,16,32,,"Art. 136. O Presidente da República pode, ouvidos o Conselho da República e o Conselho de Defesa Nacional, decretar estado de defesa para preservar ou prontamente restabelecer, em locais restritos e determinados, a ordem pública ou a paz social ameaçadas por grave e iminente instabilidade institucional ou atingidas por calamidades de grandes proporções na natureza.","cf88,4,16,32,,141,,,",136
142,cf88,4,16,33,,"Art. 137. O Presidente da República pode, ouvidos o Conselho da República e o Conselho de Defesa Nacional, solicitar ao Congresso Nacional autorização para decretar o estado de sítio nos casos de:","cf88,4,16,33,,142,,,",137
143,cf88,4,16,33,,"Art. 138. O decreto do estado de sítio indicará sua duração, as normas necessárias a sua execução e as garantias constitucionais que ficarão suspensas, e, depois de publicado, o Presidente da República designará o executor das medidas específicas e as áreas abrangidas.","cf88,4,16,33,,143,,,",138
144,cf88,4,16,33,,"Art. 139. Na vigência do estado de sítio decretado com fundamento no art. 137, I, só poderão ser tomadas contra as pessoas as seguintes medidas:","cf88,4,16,33,,144,,,",139
145,cf88,4,16,34,,"Art. 140. A Mesa do Congresso Nacional, ouvidos os líderes partidários, designará Comissão composta de cinco de seus membros para acompanhar e fiscalizar a execução das medidas referentes ao estado de defesa e ao estado de sítio.","cf88,4,16,34,,145,,,",140
146,cf88,4,16,34,,"Art. 141. Cessado o estado de defesa ou o estado de sítio, cessarão também seus efeitos, sem prejuízo da responsabilidade pelos ilícitos cometidos por seus executores ou agentes.","cf88,4,16,34,,146,,,",141
147,cf88,4,17,,,"Art. 142. As Forças Armadas, constituídas pela Marinha, pelo Exército e pela Aeronáutica, são instituições nacionais permanentes e regulares, organizadas com base na hierarquia e na disciplina, sob a autoridade suprema do Presidente da República, e destinam-se à defesa da Pátria, à garantia dos poderes constitucionais e, por iniciativa de qualquer destes, da lei e da ordem.","cf88,4,17,,,147,,,",142
148,cf88,4,17,,,Art. 143. O serviço militar é obrigatório nos termos da lei.,"cf88,4,17,,,148,,,",143
149,cf88,4,18,,,"Art. 144. A segurança pública, dever do Estado, direito e responsabilidade de todos, é exercida para a preservação da ordem pública e da incolumidade das pessoas e do patrimônio, através dos seguintes órgãos:","cf88,4,18,,,149,,,",144
150,cf88,5,19,35,,"Art. 145. A União, os Estados, o Distrito Federal e os Municípios poderão instituir os seguintes tributos:","cf88,5,19,35,,150,,,",145
151,cf88,5,19,35,,Art. 146. Cabe à lei complementar:,"cf88,5,19,35,,151,,,",146
152,cf88,5,19,35,,"Art. 146-A. Lei complementar poderá estabelecer critérios especiais de tributação, com o objetivo de prevenir desequilíbrios da concorrência, sem prejuízo da competência de a União, por lei, estabelecer normas de igual objetivo.(Incluído pela Emenda Constitucional nº 42, de 19.12.2003)","cf88,5,19,35,,152,,,",146-A
153,cf88,5,19,35,,"Art. 147. Competem à União, em Território Federal, os impostos estaduais e, se o Território não for dividido em Municípios, cumulativamente, os impostos municipais; ao Distrito Federal cabem os impostos municipais.","cf88,5,19,35,,153,,,",147
154,cf88,5,19,35,,"Art. 148. A União, mediante lei complementar, poderá instituir empréstimos compulsórios:","cf88,5,19,35,,154,,,",148
155,cf88,5,19,35,,"Art. 149. Compete exclusivamente à União instituir contribuições sociais, de intervenção no domínio econômico e de interesse das categorias profissionais ou econômicas, como instrumento de sua atuação nas respectivas áreas, observado o disposto nos arts. 146, III, e 150, I e III, e sem prejuízo do previsto no art. 195, § 6º, relativamente às contribuições a que alude o dispositivo.","cf88,5,19,35,,155,,,",149
156,cf88,5,19,35,,"Art. 149-A Os Municípios e o Distrito Federal poderão instituir contribuição, na forma das respectivas leis, para o custeio do serviço de iluminação pública, observado o disposto no art. 150, I e III.(Incluído pela Emenda Constitucional nº 39, de 2002)","cf88,5,19,35,,156,,,",149-A
157,cf88,5,19,36,,"Art. 150. Sem prejuízo de outras garantias asseguradas ao contribuinte, é vedado à União, aos Estados, ao Distrito Federal e aos Municípios:","cf88,5,19,36,,157,,,",150
158,cf88,5,19,36,,Art. 151. É vedado à União:,"cf88,5,19,36,,158,,,",151
159,cf88,5,19,36,,"Art. 152. É vedado aos Estados, ao Distrito Federal e aos Municípios estabelecer diferença tributária entre bens e serviços, de qualquer natureza, em razão de sua procedência ou destino.","cf88,5,19,36,,159,,,",152
160,cf88,5,19,37,,Art. 153. Compete à União instituir impostos sobre:,"cf88,5,19,37,,160,,,",153
161,cf88,5,19,37,,Art. 154. A União poderá instituir:,"cf88,5,19,37,,161,,,",154
162,cf88,5,19,38,,"Art. 155. Compete aos Estados e ao Distrito Federal instituir impostos sobre:(Redação dada pela Emenda Constitucional nº 3, de 1993)","cf88,5,19,38,,162,,,",155
163,cf88,5,19,39,,Art. 156. Compete aos Municípios instituir impostos sobre:,"cf88,5,19,39,,163,,,",156
164,cf88,5,19,40,,Art. 157. Pertencem aos Estados e ao Distrito Federal:,"cf88,5,19,40,,164,,,",157
165,cf88,5,19,40,,Art. 158. Pertencem aos Municípios:,"cf88,5,19,40,,165,,,",158
166,cf88,5,19,40,,"Art. 159. A União entregará:(Vide Emenda Constitucional nº 55, de 2007)","cf88,5,19,40,,166,,,",159
167,cf88,5,19,40,,"Art. 160. É vedada a retenção ou qualquer restrição à entrega e ao emprego dos recursos atribuídos, nesta seção, aos Estados, ao Distrito Federal e aos Municípios, neles compreendidos adicionais e acréscimos relativos a impostos.","cf88,5,19,40,,167,,,",160
168,cf88,5,19,40,,Art. 161. Cabe à lei complementar:,"cf88,5,19,40,,168,,,",161
169,cf88,5,19,40,,"Art. 162. A União, os Estados, o Distrito Federal e os Municípios divulgarão, até o último dia do mês subseqüente ao da arrecadação, os montantes de cada um dos tributos arrecadados, os recursos recebidos, os valores de origem tributária entregues e a entregar e a expressão numérica dos critérios de rateio.","cf88,5,19,40,,169,,,",162
170,cf88,5,20,41,,Art. 163. Lei complementar disporá sobre:,"cf88,5,20,41,,170,,,",163
171,cf88,5,20,41,,"Art. 163-A. A União, os Estados, o Distrito Federal e os Municípios disponibilizarão suas informações e dados contábeis, orçamentários e fiscais, conforme periodicidade, formato e sistema estabelecidos pelo órgão central de contabilidade da União, de forma a garantir a rastreabilidade, a comparabilidade e a publicidade dos dados coletados, os quais deverão ser divulgados em meio eletrônico de amplo acesso público.(Incluído pela Emenda Constitucional nº 108, de 2020)","cf88,5,20,41,,171,,,",163-A
172,cf88,5,20,41,,Art. 164. A competência da União para emitir moeda será exercida exclusivamente pelobanco central.,"cf88,5,20,41,,172,,,",164
173,cf88,5,20,41,,"Art. 164-A. A União, os Estados, o Distrito Federal e os Municípios devem conduzir suas políticas fiscais de forma a manter a dívida pública em níveis sustentáveis, na forma da lei complementar referida no inciso VIII do caput do art. 163 desta Constituição.(Incluído pela Emenda Constitucional nº 109, de 2021)","cf88,5,20,41,,173,,,",164-A
174,cf88,5,20,42,,Art. 165. Leis de iniciativa do Poder Executivo estabelecerão:,"cf88,5,20,42,,174,,,",165
175,cf88,5,20,42,,"Art. 166. Os projetos de lei relativos ao plano plurianual, às diretrizes orçamentárias, ao orçamento anual e aos créditos adicionais serão apreciados pelas duas Casas do Congresso Nacional, na forma do regimento comum.","cf88,5,20,42,,175,,,",166
176,cf88,5,20,42,,"Art. 166-A. As emendas individuais impositivas apresentadas ao projeto de lei orçamentária anual poderão alocar recursos a Estados, ao Distrito Federal e a Municípios por meio de: (Incluído pela Emenda Constitucional nº 105, de 2019)","cf88,5,20,42,,176,,,",166-A
177,cf88,5,20,42,,Art. 167. São vedados:,"cf88,5,20,42,,177,,,",167
178,cf88,5,20,42,,"Art. 167-A. Apurado que, no período de 12 (doze) meses, a relação entre despesas correntes e receitas correntes supera 95% (noventa e cinco por cento), no âmbito dos Estados, do Distrito Federal e dos Municípios, é facultado aos Poderes Executivo, Legislativo e Judiciário, ao Ministério Público, ao Tribunal de Contas e à Defensoria Pública do ente, enquanto permanecer a situação, aplicar o mecanismo de ajuste fiscal de vedação da:(Incluído pela Emenda Constitucional nº 109, de 2021)","cf88,5,20,42,,178,,,",167-A
179,cf88,5,20,42,,"Art. 167-B. Durante a vigência de estado de calamidade pública de âmbito nacional, decretado pelo Congresso Nacional por iniciativa privativa do Presidente da República, a União deve adotar regime extraordinário fiscal, financeiro e de contratações para atender às necessidades dele decorrentes, somente naquilo em que a urgência for incompatível com o regime regular, nos termos definidos nos arts. 167-C, 167-D, 167-E, 167-F e 167-G desta Constituição.(Incluído pela Emenda Constitucional nº 109, de 2021)","cf88,5,20,42,,179,,,",167-B
180,cf88,5,20,42,,"Art. 167-C. Com o propósito exclusivo de enfrentamento da calamidade pública e de seus efeitos sociais e econômicos, no seu período de duração, o Poder Executivo federal pode adotar processos simplificados de contratação de pessoal, em caráter temporário e emergencial, e de obras, serviços e compras que assegurem, quando possível, competição e igualdade de condições a todos os concorrentes, dispensada a observância do § 1º do art. 169 na contratação de que trata o inciso IX do caput do art. 37 desta Constituição, limitada a dispensa às situações de que trata o referido inciso, sem prejuízo do controle dos órgãos competentes.(Incluído pela Emenda Constitucional nº 109, de 2021)","cf88,5,20,42,,180,,,",167-C
181,cf88,5,20,42,,"Art. 167-D. As proposições legislativas e os atos do Poder Executivo com propósito exclusivo de enfrentar a calamidade e suas consequências sociais e econômicas, com vigência e efeitos restritos à sua duração, desde que não impliquem despesa obrigatória de caráter continuado, ficam dispensados da observância das limitações legais quanto à criação, à expansão ou ao aperfeiçoamento de ação governamental que acarrete aumento de despesa e à concessão ou à ampliação de incentivo ou benefício de natureza tributária da qual decorra renúncia de receita.(Incluído pela Emenda Constitucional nº 109, de 2021)","cf88,5,20,42,,181,,,",167-D
182,cf88,5,20,42,,"Art. 167-E. Fica dispensada, durante a integralidade do exercício financeiro em que vigore a calamidade pública de âmbito nacional, a observância do inciso III do caput do art. 167 desta Constituição.(Incluído pela Emenda Constitucional nº 109, de 2021)","cf88,5,20,42,,182,,,",167-E
183,cf88,5,20,42,,"Art. 167-F. Durante a vigência da calamidade pública de âmbito nacional de que trata o art. 167-B desta Constituição:(Incluído pela Emenda Constitucional nº 109, de 2021)","cf88,5,20,42,,183,,,",167-F
184,cf88,5,20,42,,"Art. 167-G. Na hipótese de que trata o art. 167-B, aplicam-se à União, até o término da calamidade pública, as vedações previstas no art. 167-A desta Constituição.(Incluído pela Emenda Constitucional nº 109, de 2021)","cf88,5,20,42,,184,,,",167-G
185,cf88,5,20,42,,"Art. 168. Os recursos correspondentes às dotações orçamentárias, compreendidos os créditos suplementares e especiais, destinados aos órgãos dos Poderes Legislativo e Judiciário, do Ministério Público e da Defensoria Pública, ser-lhes-ão entregues até o dia 20 de cada mês, em duodécimos, na forma da lei complementar a que se refere o art. 165, § 9º.(Redação dadapela Emenda Constitucional nº 45, de 2004)","cf88,5,20,42,,185,,,",168
186,cf88,5,20,42,,"Art. 169. A despesa com pessoal ativo e inativo e pensionistas da União, dos Estados, do Distrito Federal e dos Municípios não pode exceder os limites estabelecidos em lei complementar.(Redação dada pela Emenda Constitucional nº 109, de 2021)","cf88,5,20,42,,186,,,",169
187,cf88,6,21,,,"Art. 170. A ordem econômica, fundada na valorização do trabalho humano e na livre iniciativa, tem por fim assegurar a todos existência digna, conforme os ditames da justiça social, observados os seguintes princípios:","cf88,6,21,,,187,,,",170
188,cf88,6,21,,,"Art. 171.(Revogado pela Emenda Constitucional nº 6, de 1995)","cf88,6,21,,,188,,,",171
189,cf88,6,21,,,"Art. 172. A lei disciplinará, com base no interesse nacional, os investimentos de capital estrangeiro, incentivará os reinvestimentos e regulará a remessa de lucros.","cf88,6,21,,,189,,,",172
190,cf88,6,21,,,"Art. 173. Ressalvados os casos previstos nesta Constituição, a exploração direta de atividade econômica pelo Estado só será permitida quando necessária aos imperativos da segurança nacional ou a relevante interesse coletivo, conforme definidos em lei.","cf88,6,21,,,190,,,",173
191,cf88,6,21,,,"Art. 174. Como agente normativo e regulador da atividade econômica, o Estado exercerá, na forma da lei, as funções de fiscalização, incentivo e planejamento, sendo este determinante para o setor público e indicativo para o setor privado.","cf88,6,21,,,191,,,",174
192,cf88,6,21,,,"Art. 175. Incumbe ao Poder Público, na forma da lei, diretamente ou sob regime de concessão ou permissão, sempre através de licitação, a prestação de serviços públicos.","cf88,6,21,,,192,,,",175
193,cf88,6,21,,,"Art. 176. As jazidas, em lavra ou não, e demais recursos minerais e os potenciais de energia hidráulica constituem propriedade distinta da do solo, para efeito de exploração ou aproveitamento, e pertencem à União, garantida ao concessionário a propriedade do produto da lavra.","cf88,6,21,,,193,,,",176
194,cf88,6,21,,,Art. 177. Constituem monopólio da União:,"cf88,6,21,,,194,,,",177
195,cf88,6,21,,,"Art. 178. A lei disporá sobre a ordenação dos transportes aéreo, aquático e terrestre, devendo, quanto à ordenação do transporte internacional, observar os acordos firmados pela União, atendido o princípio da reciprocidade.(Redação dada pela Emenda Constitucional nº 7, de 1995)","cf88,6,21,,,195,,,",178
196,cf88,6,21,,,"Art. 179. A União, os Estados, o Distrito Federal e os Municípios dispensarão às microempresas e às empresas de pequeno porte, assim definidas em lei, tratamento jurídico diferenciado, visando a incentivá-las pela simplificação de suas obrigações administrativas, tributárias, previdenciárias e creditícias, ou pela eliminação ou redução destas por meio de lei.","cf88,6,21,,,196,,,",179
197,cf88,6,21,,,"Art. 180. A União, os Estados, o Distrito Federal e os Municípios promoverão e incentivarão o turismo como fator de desenvolvimento social e econômico.","cf88,6,21,,,197,,,",180
198,cf88,6,21,,,"Art. 181. O atendimento de requisição de documento ou informação de natureza comercial, feita por autoridade administrativa ou judiciária estrangeira, a pessoa física ou jurídica residente ou domiciliada no País dependerá de autorização do Poder competente.","cf88,6,21,,,198,,,",181
199,cf88,6,22,,,"Art. 182. A política de desenvolvimento urbano, executada pelo Poder Público municipal, conforme diretrizes gerais fixadas em lei, tem por objetivo ordenar o pleno desenvolvimento das funções sociais da cidade e garantir o bem- estar de seus habitantes.","cf88,6,22,,,199,,,",182
200,cf88,6,22,,,"Art. 183. Aquele que possuir como sua área urbana de até duzentos e cinqüenta metros quadrados, por cinco anos, ininterruptamente e sem oposição, utilizando-a para sua moradia ou de sua família, adquirir-lhe-á o domínio, desde que não seja proprietário de outro imóvel urbano ou rural.","cf88,6,22,,,200,,,",183
201,cf88,6,23,,,"Art. 184. Compete à União desapropriar por interesse social, para fins de reforma agrária, o imóvel rural que não esteja cumprindo sua função social, mediante prévia e justa indenização em títulos da dívida agrária, com cláusula de preservação do valor real, resgatáveis no prazo de até vinte anos, a partir do segundo ano de sua emissão, e cuja utilização será definida em lei.","cf88,6,23,,,201,,,",184
202,cf88,6,23,,,Art. 185. São insuscetíveis de desapropriação para fins de reforma agrária:,"cf88,6,23,,,202,,,",185
203,cf88,6,23,,,"Art. 186. A função social é cumprida quando a propriedade rural atende, simultaneamente, segundo critérios e graus de exigência estabelecidos em lei, aos seguintes requisitos:","cf88,6,23,,,203,,,",186
204,cf88,6,23,,,"Art. 187. A política agrícola será planejada e executada na forma da lei, com a participação efetiva do setor de produção, envolvendo produtores e trabalhadores rurais, bem como dos setores de comercialização, de armazenamento e de transportes, levando em conta, especialmente:","cf88,6,23,,,204,,,",187
205,cf88,6,23,,,Art. 188. A destinação de terras públicas e devolutas será compatibilizada com a política agrícola e com o plano nacional de reforma agrária.,"cf88,6,23,,,205,,,",188
206,cf88,6,23,,,"Art. 189. Os beneficiários da distribuição de imóveis rurais pela reforma agrária receberão títulos de domínio ou de concessão de uso, inegociáveis pelo prazo de dez anos.","cf88,6,23,,,206,,,",189
207,cf88,6,23,,,Art. 190. A lei regulará e limitará a aquisição ou o arrendamento de propriedade rural por pessoa física ou jurídica estrangeira e estabelecerá os casos que dependerão de autorização do Congresso Nacional.,"cf88,6,23,,,207,,,",190
208,cf88,6,23,,,"Art. 191. Aquele que, não sendo proprietário de imóvel rural ou urbano, possua como seu, por cinco anos ininterruptos, sem oposição, área de terra, em zona rural, não superior a cinqüenta hectares, tornando-a produtiva por seu trabalho ou de sua família, tendo nela sua moradia, adquirir-lhe-á a propriedade.","cf88,6,23,,,208,,,",191
209,cf88,6,24,,,"Art. 192. O sistema financeiro nacional, estruturado de forma a promover o desenvolvimento equilibrado do País e a servir aos interesses da coletividade, em todas as partes que o compõem, abrangendo as cooperativas de crédito, será regulado por leis complementares que disporão, inclusive, sobre a participação do capital estrangeiro nas instituições que o integram.(Redação dada pela Emenda Constitucional nº 40, de 2003)","cf88,6,24,,,209,,,",192
210,cf88,7,25,,,"Art. 193. A ordem social tem como base o primado do trabalho, e como objetivo o bem-estar e a justiça sociais.","cf88,7,25,,,210,,,",193
211,cf88,7,26,43,,"Art. 194. A seguridade social compreende um conjunto integrado de ações de iniciativa dos Poderes Públicos e da sociedade, destinadas a assegurar os direitos relativos à saúde, à previdência e à assistência social.","cf88,7,26,43,,211,,,",194
212,cf88,7,26,43,,"Art. 195. A seguridade social será financiada por toda a sociedade, de forma direta e indireta, nos termos da lei, mediante recursos provenientes dos orçamentos da União, dos Estados, do Distrito Federal e dos Municípios, e das seguintes contribuições sociais:","cf88,7,26,43,,212,,,",195
213,cf88,7,26,44,,"Art. 196. A saúde é direito de todos e dever do Estado, garantido mediante políticas sociais e econômicas que visem à redução do risco de doença e de outros agravos e ao acesso universal e igualitário às ações e serviços para sua promoção, proteção e recuperação.","cf88,7,26,44,,213,,,",196
214,cf88,7,26,44,,"Art. 197. São de relevância pública as ações e serviços de saúde, cabendo ao Poder Público dispor, nos termos da lei, sobre sua regulamentação, fiscalização e controle, devendo sua execução ser feita diretamente ou através de terceiros e, também, por pessoa física ou jurídica de direito privado.","cf88,7,26,44,,214,,,",197
215,cf88,7,26,44,,"Art. 198. As ações e serviços públicos de saúde integram uma rede regionalizada e hierarquizada e constituem um sistema único, organizado de acordo com as seguintes diretrizes:","cf88,7,26,44,,215,,,",198
216,cf88,7,26,44,,Art. 199. A assistência à saúde é livre à iniciativa privada.,"cf88,7,26,44,,216,,,",199
217,cf88,7,26,44,,"Art. 200. Ao sistema único de saúde compete, além de outras atribuições, nos termos da lei:","cf88,7,26,44,,217,,,",200
218,cf88,7,26,45,,"Art. 201. A previdência social será organizada sob a forma do Regime Geral de Previdência Social, de caráter contributivo e de filiação obrigatória, observados critérios que preservem o equilíbrio financeiro e atuarial, e atenderá, na forma da lei, a: (Redação dada pela Emenda Constitucional nº 103, de 2019)","cf88,7,26,45,,218,,,",201
219,cf88,7,26,45,,"Art. 202. O regime de previdência privada, de caráter complementar e organizado de forma autônoma em relação ao regime geral de previdência social, será facultativo, baseado na constituição de reservas que garantam o benefício contratado, e regulado por lei complementar.(Redação dada pela Emenda Constitucional nº 20, de 1998)","cf88,7,26,45,,219,,,",202
220,cf88,7,26,46,,"Art. 203. A assistência social será prestada a quem dela necessitar, independentemente de contribuição à seguridade social, e tem por objetivos:","cf88,7,26,46,,220,,,",203
221,cf88,7,26,46,,"Art. 204. As ações governamentais na área da assistência social serão realizadas com recursos do orçamento da seguridade social, previstos no art. 195, além de outras fontes, e organizadas com base nas seguintes diretrizes:","cf88,7,26,46,,221,,,",204
222,cf88,7,27,47,,"Art. 205. A educação, direito de todos e dever do Estado e da família, será promovida e incentivada com a colaboração da sociedade, visando ao pleno desenvolvimento da pessoa, seu preparo para o exercício da cidadania e sua qualificação para o trabalho.","cf88,7,27,47,,222,,,",205
223,cf88,7,27,47,,Art. 206. O ensino será ministrado com base nos seguintes princípios:,"cf88,7,27,47,,223,,,",206
224,cf88,7,27,47,,"Art. 207. As universidades gozam de autonomia didático-científica, administrativa e de gestão financeira e patrimonial, e obedecerão ao princípio de indissociabilidade entre ensino, pesquisa e extensão.","cf88,7,27,47,,224,,,",207
225,cf88,7,27,47,,Art. 208. O dever do Estado com a educação será efetivado mediante a garantia de:,"cf88,7,27,47,,225,,,",208
226,cf88,7,27,47,,"Art. 209. O ensino é livre à iniciativa privada, atendidas as seguintes condições:","cf88,7,27,47,,226,,,",209
227,cf88,7,27,47,,"Art. 210. Serão fixados conteúdos mínimos para o ensino fundamental, de maneira a assegurar formação básica comum e respeito aos valores culturais e artísticos, nacionais e regionais.","cf88,7,27,47,,227,,,",210
228,cf88,7,27,47,,"Art. 211. A União, os Estados, o Distrito Federal e os Municípios organizarão em regime de colaboração seus sistemas de ensino.","cf88,7,27,47,,228,,,",211
229,cf88,7,27,47,,"Art. 212. A União aplicará, anualmente, nunca menos de dezoito, e os Estados, o Distrito Federal e os Municípios vinte e cinco por cento, no mínimo, da receita resultante de impostos, compreendida a proveniente de transferências, na manutenção e desenvolvimento do ensino.","cf88,7,27,47,,229,,,",212
230,cf88,7,27,47,,"Art. 212-A. Os Estados, o Distrito Federal e os Municípios destinarão parte dos recursos a que se refere ocaputdo art. 212 desta Constituição à manutenção e ao desenvolvimento do ensino na educação básica e à remuneração condigna de seus profissionais, respeitadas as seguintes disposições:(Incluído pela Emenda Constitucional nº 108, de 2020)Regulamento","cf88,7,27,47,,230,,,",212-A
231,cf88,7,27,47,,"Art. 213. Os recursos públicos serão destinados às escolas públicas, podendo ser dirigidos a escolas comunitárias, confessionais ou filantrópicas, definidas em lei, que:","cf88,7,27,47,,231,,,",213
232,cf88,7,27,47,,"Art. 214. A lei estabelecerá o plano nacional de educação, de duração decenal, com o objetivo de articular o sistema nacional de educação em regime de colaboração e definir diretrizes, objetivos, metas e estratégias de implementação para assegurar a manutenção e desenvolvimento do ensino em seus diversos níveis, etapas e modalidades por meio de ações integradas dos poderes públicos das diferentes esferas federativas que conduzam a:(Redação dada pela Emenda Constitucional nº 59, de 2009)","cf88,7,27,47,,232,,,",214
233,cf88,7,27,48,,"Art. 215. O Estado garantirá a todos o pleno exercício dos direitos culturais e acesso às fontes da cultura nacional, e apoiará e incentivará a valorização e a difusão das manifestações culturais.","cf88,7,27,48,,233,,,",215
234,cf88,7,27,48,,"Art. 216. Constituem patrimônio cultural brasileiro os bens de natureza material e imaterial, tomados individualmente ou em conjunto, portadores de referência à identidade, à ação, à memória dos diferentes grupos formadores da sociedade brasileira, nos quais se incluem:","cf88,7,27,48,,234,,,",216
235,cf88,7,27,48,,"Art. 216-A. O Sistema Nacional de Cultura, organizado em regime de colaboração, de forma descentralizada e participativa, institui um processo de gestão e promoção conjunta de políticas públicas de cultura, democráticas e permanentes, pactuadas entre os entes da Federação e a sociedade, tendo por objetivo promover o desenvolvimento humano, social e econômico com pleno exercício dos direitos culturais. (Incluído pela Emenda Constitucional nº 71, de 2012)","cf88,7,27,48,,235,,,",216-A
236,cf88,7,27,49,,"Art. 217. É dever do Estado fomentar práticas desportivas formais e não-formais, como direito de cada um, observados:","cf88,7,27,49,,236,,,",217
237,cf88,7,28,,,"Art. 218. O Estado promoverá e incentivará o desenvolvimento científico, a pesquisa, a capacitação científica e tecnológica e a inovação.(Redação dada pela Emenda Constitucional nº 85, de 2015)","cf88,7,28,,,237,,,",218
238,cf88,7,28,,,"Art. 219. O mercado interno integra o patrimônio nacional e será incentivado de modo a viabilizar o desenvolvimento cultural e sócio-econômico, o bem-estar da população e a autonomia tecnológica do País, nos termos de lei federal.","cf88,7,28,,,238,,,",219
239,cf88,7,28,,,"Art. 219-A. A União, os Estados, o Distrito Federal e os Municípios poderão firmar instrumentos de cooperação com órgãos e entidades públicos e com entidades privadas, inclusive para o compartilhamento de recursos humanos especializados e capacidade instalada, para a execução de projetos de pesquisa, de desenvolvimento científico e tecnológico e de inovação, mediante contrapartida financeira ou não financeira assumida pelo ente beneficiário, na forma da lei.(Incluído pela Emenda Constitucional nº 85, de 2015)","cf88,7,28,,,239,,,",219-A
240,cf88,7,28,,,"Art. 219-B. O Sistema Nacional de Ciência, Tecnologia e Inovação (SNCTI) será organizado em regime de colaboração entre entes, tanto públicos quanto privados, com vistas a promover o desenvolvimento científico e tecnológico e a inovação.(Incluído pela Emenda Constitucional nº 85, de 2015)","cf88,7,28,,,240,,,",219-B
241,cf88,7,29,,,"Art. 220. A manifestação do pensamento, a criação, a expressão e a informação, sob qualquer forma, processo ou veículo não sofrerão qualquer restrição, observado o disposto nesta Constituição.","cf88,7,29,,,241,,,",220
242,cf88,7,29,,,Art. 221. A produção e a programação das emissoras de rádio e televisão atenderão aos seguintes princípios:,"cf88,7,29,,,242,,,",221
243,cf88,7,29,,,"Art. 222. A propriedade de empresa jornalística e de radiodifusão sonora e de sons e imagens é privativa de brasileiros natos ou naturalizados há mais de dez anos, ou de pessoas jurídicas constituídas sob as leis brasileiras e que tenham sede no País.(Redação dada pela Emenda Constitucional nº 36, de 2002)","cf88,7,29,,,243,,,",222
244,cf88,7,29,,,"Art. 223. Compete ao Poder Executivo outorgar e renovar concessão, permissão e autorização para o serviço de radiodifusão sonora e de sons e imagens, observado o princípio da complementaridade dos sistemas privado, público e estatal.","cf88,7,29,,,244,,,",223
245,cf88,7,29,,,"Art. 224. Para os efeitos do disposto neste capítulo, o Congresso Nacional instituirá, como seu órgão auxiliar, o Conselho de Comunicação Social, na forma da lei.","cf88,7,29,,,245,,,",224
246,cf88,7,30,,,"Art. 225. Todos têm direito ao meio ambiente ecologicamente equilibrado, bem de uso comum do povo e essencial à sadia qualidade de vida, impondo-se ao Poder Público e à coletividade o dever de defendê-lo e preservá- lo para as presentes e futuras gerações.","cf88,7,30,,,246,,,",225
247,cf88,7,31,,,"Art. 226. A família, base da sociedade, tem especial proteção do Estado.","cf88,7,31,,,247,,,",226
248,cf88,7,31,,,"Art. 227. É dever da família, da sociedade e do Estado assegurar à criança, ao adolescente e ao jovem, com absoluta prioridade, o direito à vida, à saúde, à alimentação, à educação, ao lazer, à profissionalização, à cultura, à dignidade, ao respeito, à liberdade e à convivência familiar e comunitária, além de colocá-los a salvo de toda forma de negligência, discriminação, exploração, violência, crueldade e opressão.(Redação dada Pela Emenda Constitucional nº 65, de 2010)","cf88,7,31,,,248,,,",227
249,cf88,7,31,,,"Art. 228. São penalmente inimputáveis os menores de dezoito anos, sujeitos às normas da legislação especial.","cf88,7,31,,,249,,,",228
250,cf88,7,31,,,"Art. 229. Os pais têm o dever de assistir, criar e educar os filhos menores, e os filhos maiores têm o dever de ajudar e amparar os pais na velhice, carência ou enfermidade.","cf88,7,31,,,250,,,",229
251,cf88,7,31,,,"Art. 230. A família, a sociedade e o Estado têm o dever de amparar as pessoas idosas, assegurando sua participação na comunidade, defendendo sua dignidade e bem-estar e garantindo-lhes o direito à vida.","cf88,7,31,,,251,,,",230
252,cf88,7,32,,,"Art. 231. São reconhecidos aos índios sua organização social, costumes, línguas, crenças e tradições, e os direitos originários sobre as terras que tradicionalmente ocupam, competindo à União demarcá-las, proteger e fazer respeitar todos os seus bens.","cf88,7,32,,,252,,,",231
253,cf88,7,32,,,"Art. 232. Os índios, suas comunidades e organizações são partes legítimas para ingressar em juízo em defesa de seus direitos e interesses, intervindo o Ministério Público em todos os atos do processo.","cf88,7,32,,,253,,,",232
254,cf88,8,,,,"Art. 233.(Revogado pela Emenda Constitucional nº 28, de 25/05/2000)","cf88,8,,,,254,,,",233
255,cf88,8,,,,"Art. 234. É vedado à União, direta ou indiretamente, assumir, em decorrência da criação de Estado, encargos referentes a despesas com pessoal inativo e com encargos e amortizações da dívida interna ou externa da administração pública, inclusive da indireta.","cf88,8,,,,255,,,",234
256,cf88,8,,,,"Art. 235. Nos dez primeiros anos da criação de Estado, serão observadas as seguintes normas básicas:","cf88,8,,,,256,,,",235
257,cf88,8,,,,"Art. 236. Os serviços notariais e de registro são exercidos em caráter privado, por delegação do Poder Público.(Regulamento)","cf88,8,,,,257,,,",236
258,cf88,8,,,,"Art. 237. A fiscalização e o controle sobre o comércio exterior, essenciais à defesa dos interesses fazendários nacionais, serão exercidos pelo Ministério da Fazenda.","cf88,8,,,,258,,,",237
259,cf88,8,,,,"Art. 238. A lei ordenará a venda e revenda de combustíveis de petróleo, álcool carburante e outros combustíveis derivados de matérias-primas renováveis, respeitados os princípios desta Constituição.","cf88,8,,,,259,,,",238
260,cf88,8,,,,"Art. 239. A arrecadação decorrente das contribuições para o Programa de Integração Social, criado pelaLei Complementar nº 7, de 7 de setembro de 1970, e para o Programa de Formação do Patrimônio do Servidor Público, criado pelaLei Complementar nº 8, de 3 de dezembro de 1970, passa, a partir da promulgação desta Constituição, a financiar, nos termos que a lei dispuser, o programa do seguro-desemprego e o abono de que trata o § 3º deste artigo.(Regulamento)","cf88,8,,,,260,,,",239
261,cf88,8,,,,"Art. 240. Ficam ressalvadas do disposto no art. 195 as atuais contribuições compulsórias dos empregadores sobre a folha de salários, destinadas às entidades privadas de serviço social e de formação profissional vinculadas ao sistema sindical.","cf88,8,,,,261,,,",240
262,cf88,8,,,,"Art. 241. A União, os Estados, o Distrito Federal e os Municípios disciplinarão por meio de lei os consórcios públicos e os convênios de cooperação entre os entes federados, autorizando a gestão associada de serviços públicos, bem como a transferência total ou parcial de encargos, serviços, pessoal e bens essenciais à continuidade dos serviços transferidos.(Redação dada pela Emenda Constitucional nº 19, de 1998)","cf88,8,,,,262,,,",241
263,cf88,8,,,,"Art. 242. O princípio do art. 206, IV, não se aplica às instituições educacionais oficiais criadas por lei estadual ou municipal e existentes na data da promulgação desta Constituição, que não sejam total ou preponderantemente mantidas com recursos públicos.","cf88,8,,,,263,,,",242
264,cf88,8,,,,"Art. 243. As propriedades rurais e urbanas de qualquer região do País onde forem localizadas culturas ilegais de plantas psicotrópicas ou a exploração de trabalho escravo na forma da lei serão expropriadas e destinadas à reforma agrária e a programas de habitação popular, sem qualquer indenização ao proprietário e sem prejuízo de outras sanções previstas em lei, observado, no que couber, o disposto no art. 5º.(Redação dada pela Emenda Constitucional nº 81, de 2014)","cf88,8,,,,264,,,",243
265,cf88,8,,,,"Art. 244. A lei disporá sobre a adaptação dos logradouros, dos edifícios de uso público e dos veículos de transporte coletivo atualmente existentes a fim de garantir acesso adequado às pessoas portadoras de deficiência, conforme o disposto no art. 227, § 2º.","cf88,8,,,,265,,,",244
266,cf88,8,,,,"Art. 245. A lei disporá sobre as hipóteses e condições em que o Poder Público dará assistência aos herdeiros e dependentes carentes de pessoas vitimadas por crime doloso, sem prejuízo da responsabilidade civil do autor do ilícito.","cf88,8,,,,266,,,",245
267,cf88,8,,,,"Art. 246. É vedada a adoção de medida provisória na regulamentação de artigo da Constituição cuja redação tenha sido alterada por meio de emenda promulgada entre 1º de janeiro de 1995 até a promulgação desta emenda, inclusive.(Redação dada pela Emenda Constitucional nº 32, de 2001)","cf88,8,,,,267,,,",246
268,cf88,8,,,,"Art. 247. As leis previstas no inciso III do § 1º do art. 41 e no § 7º do art. 169 estabelecerão critérios e garantias especiais para a perda do cargo pelo servidor público estável que, em decorrência das atribuições de seu cargo efetivo, desenvolva atividades exclusivas de Estado.(Incluído pela Emenda Constitucional nº 19, de 1998)","cf88,8,,,,268,,,",247
269,cf88,8,,,,"Art. 248. Os benefícios pagos, a qualquer título, pelo órgão responsável pelo regime geral de previdência social, ainda que à conta do Tesouro Nacional, e os não sujeitos ao limite máximo de valor fixado para os benefícios concedidos por esse regime observarão os limites fixados no art. 37, XI.(Incluído pela Emenda Constitucional nº 20, de 1998)","cf88,8,,,,269,,,",248
270,cf88,8,,,,"Art. 249. Com o objetivo de assegurar recursos para o pagamento de proventos de aposentadoria e pensões concedidas aos respectivos servidores e seus dependentes, em adição aos recursos dos respectivos tesouros, a União, os Estados, o Distrito Federal e os Municípios poderão constituir fundos integrados pelos recursos provenientes de contribuições e por bens, direitos e ativos de qualquer natureza, mediante lei que disporá sobre a natureza e administração desses fundos.(Incluído pela Emenda Constitucional nº 20, de 1998)","cf88,8,,,,270,,,",249
271,cf88,8,,,,"Art. 250. Com o objetivo de assegurar recursos para o pagamento dos benefícios concedidos pelo regime geral de previdência social, em adição aos recursos de sua arrecadação, a União poderá constituir fundo integrado por bens, direitos e ativos de qualquer natureza, mediante lei que disporá sobre a natureza e administração desse fundo.(Incluído pela Emenda Constitucional nº 20, de 1998)","cf88,8,,,,271,,,",250
